{
  "format_version": "1.21.8",
  "credit": "Generated from mob_template_textures32.zip",
  "parent": "item/generated",
  "textures": {
    "layer0": "item/name_tag/glow_squid_template"
  },
  "display": {
    "thirdperson_righthand": {
      "translation": [
        0,
        2,
        0
      ],
      "scale": [
        0.65,
        0.65,
        0.65
      ]
    },
    "thirdperson_lefthand": {
      "translation": [
        0,
        2,
        0
      ],
      "scale": [
        0.65,
        0.65,
        0.65
      ]
    },
    "ground": {
      "scale": [
        0.74,
        0.75,
        0.74
      ]
    }
  }
}